NumLocales,Op/Sec
1 , 1.86195e+06
2 , 3.67809e+05
4 , 7.36949e+05
8 , 1.47426e+06
16 , 2.96418e+06
32 , 5.92782e+06
44 , 8.16713e+06