NumLocales,Op/Sec
1 , 5.71512e+05
4 , 1.07724e+05
8 , 3.86269e+05
16 , 6.96203e+05
32 , 1.79628e+06
