NumLocales,Op/Sec
1 , 1.68935e+06
2 , 3.012e+06
4 , 6.03302e+06
8 , 1.19987e+07