NumLocales,Op/Sec
1 , 4.43096e+05
2 , 3.75726e+05
4 , 2.95101e+05
8 , 4.32026e+05
16 , 4.04494e+05
32 , 3.96477e+05
44 , 3.87054e+05