NumLocales,Op/Sec
1 , 4.46193e+05
2 , 1.48495e+05
4 , 2.84905e+05
8 , 4.90783e+05
16 , 9.65469e+05
32 , 1.97715e+06
44 , 2.69336e+06